feature,importance
tenure_months,0.2968650182076553
monthly_premium,0.24763637544173464
satisfaction_score,0.12372054224268815
income,0.10396173313084618
age,0.08653204477732182
customer_service_calls,0.052792630781477896
late_payments,0.04576184624466256
claim_count,0.02730740601179304
discount_received,0.015422403161820322
